City_ID,City,Lat,Lng,Max Temp,Humidity,Cloudiness,Wind Speed,Country,Date
0,badger,64.8,-147.5333,19.27,86,100,3.44,US,1699660265
1,sao vicente,-23.9631,-46.3919,78.28,26,86,4.09,BR,1699659997
2,afaahiti,-17.75,-149.2833,84.07,83,97,10.83,PF,1699660268
3,whitehorse,60.7161,-135.0538,32.77,86,100,5.75,CA,1699660130
4,hithadhoo,-0.6,73.0833,80.37,84,89,13.82,MV,1699660270
5,angra do heroismo,38.65,-27.2167,72.21,99,75,15.99,PT,1699660271
6,papao,-17.75,-149.55,85.68,76,98,7.45,PF,1699660051
7,i-n-salah,27.1935,2.4607,72.86,36,66,13.42,DZ,1699660070
8,severnoye,56.3491,78.3619,32.99,99,100,5.01,RU,1699660281
9,colac,-38.3333,143.5833,60.17,41,78,11.52,AU,1699660283
10,iqaluit,63.7506,-68.5145,19.13,68,100,5.75,CA,1699659999
11,gargalianoi,37.0667,21.6333,60.35,81,72,6.62,GR,1699660288
12,grytviken,-54.2811,-36.5092,35.8,85,63,11.77,GS,1699659974
13,akureyri,65.6835,-18.0878,21.13,86,0,0.0,IS,1699660295
14,waitangi,-43.9535,-176.5597,54.82,72,98,3.0,NZ,1699660016
15,stephenville,32.2207,-98.2023,56.25,87,100,10.36,US,1699660301
16,hawaiian paradise park,19.5933,-154.9731,80.87,74,100,16.11,US,1699660044
17,saint-leu,-21.15,55.2833,75.96,93,67,6.06,RE,1699660306
18,edinburgh of the seven seas,-37.0676,-12.3116,58.84,91,99,23.78,SH,1699659975
19,college,64.8569,-147.8028,19.35,86,100,3.44,US,1699660310
20,pisco,-13.7,-76.2167,68.05,77,0,19.57,PE,1699660078
21,puerto lempira,15.2667,-83.7667,80.74,78,40,0.0,HN,1699660314
22,san andres,12.5847,-81.7006,82.42,78,20,11.5,CO,1699660316
23,codrington,-38.2667,141.9667,61.2,55,72,15.17,AU,1699660318
24,tolanaro,-25.0319,46.9987,66.27,82,40,6.91,MG,1699660198
25,port-aux-francais,-49.35,70.2167,37.8,96,100,36.17,TF,1699660032
26,iskateley,67.6803,53.1512,16.02,93,76,7.0,RU,1699660328
27,thompson,55.7435,-97.8558,30.36,86,100,8.05,CA,1699659830
28,funafuti,-8.5243,179.1942,87.8,89,40,4.61,TV,1699660335
29,yellowknife,62.456,-114.3525,37.42,98,75,8.05,CA,1699659815
30,kone,-21.0595,164.8658,82.13,42,73,6.58,NC,1699660342
31,albany,42.6001,-73.9662,46.81,64,57,1.01,US,1699659738
32,adamstown,-25.066,-130.1015,73.13,79,2,11.52,PN,1699659972
33,usinsk,65.9939,57.5281,22.06,81,99,5.01,RU,1699660355
34,puerto natales,-51.7236,-72.4875,41.5,94,100,6.02,CL,1699659778
35,zomba,-15.386,35.3188,65.61,91,61,3.24,MW,1699660364
36,valparaiso,-33.0393,-71.6273,59.23,94,100,6.91,CL,1699660324
37,haiku-pauwela,20.9219,-156.3051,82.42,61,40,14.97,US,1699660370
38,bamboo flat,11.7,92.7167,77.09,94,40,0.0,IN,1699660374
39,agropoli,40.3469,14.9966,56.08,83,96,19.06,IT,1699660378
40,tupi paulista,-21.3811,-51.5706,87.12,30,85,7.4,BR,1699660380
41,bethel,41.3712,-73.414,48.65,68,0,3.44,US,1699659723
42,tashtagol,52.7657,87.8894,36.52,99,100,3.0,RU,1699660387
43,kokoda,-8.8785,147.7407,87.78,40,90,0.29,PG,1699660390
44,constantia,44.1833,28.65,54.7,79,100,14.41,RO,1699660259
45,'alaqahdari dishu,30.4374,63.313,56.8,28,0,1.7,AF,1699660396
46,dalandzadgad,43.5708,104.425,13.28,31,0,9.73,MN,1699660398
47,port augusta,-32.5,137.7667,73.74,51,38,19.75,AU,1699660401
48,utrik,11.2278,169.8474,82.11,82,100,20.51,MH,1699660405
49,papatowai,-46.5619,169.4708,63.82,39,0,3.56,NZ,1699660093
50,kodiak,57.79,-152.4072,35.11,51,20,19.57,US,1699660164
51,longyearbyen,78.2186,15.6401,13.84,73,75,6.91,SJ,1699660416
52,kalemie,-5.9475,29.1947,71.87,86,99,5.17,CD,1699660419
53,port alfred,-33.5906,26.891,67.06,88,25,3.65,ZA,1699660017
54,avarua,-21.2078,-159.775,80.65,83,100,8.05,CK,1699660427
55,homosassa springs,28.8036,-82.5759,76.23,84,75,0.0,US,1699660432
56,carnarvon,-24.8667,113.6333,71.83,63,84,18.43,AU,1699660089
57,jamestown,42.097,-79.2353,47.79,81,20,8.05,US,1699660052
58,aasiaat,68.7098,-52.8699,15.73,93,99,5.93,GL,1699660445
59,saipan,15.1355,145.701,86.7,70,40,20.71,MP,1699660448
60,bardai,11.65,7.2333,73.49,22,72,5.64,NG,1699660451
61,ulladulla,-35.35,150.4667,89.76,46,15,11.27,AU,1699660454
62,kailua-kona,19.6406,-155.9956,84.16,69,40,11.5,US,1699660457
63,anadyr,64.75,177.4833,7.3,78,75,13.42,RU,1699659997
64,kununurra,-15.7667,128.7333,85.98,74,100,10.36,AU,1699660463
65,isafjordur,66.0755,-23.124,34.02,80,99,4.09,IS,1699660467
66,bilibino,68.0546,166.4372,-17.25,100,97,2.37,RU,1699660158
67,dzhubga,44.3211,38.7039,49.91,67,44,7.02,RU,1699660471
68,ilulissat,69.2167,-51.1,21.22,58,100,13.8,GL,1699659996
69,ketchikan,55.3422,-131.6461,46.87,87,100,21.85,US,1699660477
70,punta arenas,-53.15,-70.9167,51.91,58,75,18.41,CL,1699659730
71,ormara,25.2088,64.6357,79.07,42,0,5.97,PK,1699660485
72,wailua homesteads,22.0669,-159.378,82.83,79,75,13.8,US,1699660011
73,blackmans bay,-43.0167,147.3167,61.74,71,70,5.99,AU,1699660493
74,qaqortoq,60.7167,-46.0333,18.84,59,80,10.13,GL,1699660497
75,campo gallo,-26.5833,-62.85,85.66,52,99,6.02,AR,1699660502
76,balkanabat,39.5108,54.3671,56.03,60,100,6.4,TM,1699660505
77,illizi,26.4833,8.4667,67.8,18,2,2.26,DZ,1699660507
78,margaret river,-33.95,115.0667,59.94,61,5,13.13,AU,1699660288
79,kingston,17.997,-76.7936,86.95,58,20,18.41,JM,1699660418
80,geraldton,-28.7667,114.6,72.01,33,100,18.41,AU,1699660517
81,port elizabeth,-33.918,25.5701,66.49,85,0,26.46,ZA,1699660187
82,atafu village,-8.5421,-172.5159,84.09,75,27,10.78,TK,1699660526
83,ushuaia,-54.8,-68.3,46.06,71,100,12.66,AR,1699659994
84,tiksi,71.6872,128.8694,8.06,87,100,20.36,RU,1699660533
85,krasnokamensk,50.0979,118.0369,4.32,88,94,3.49,RU,1699660536
86,moberly,39.4184,-92.4382,47.43,52,0,0.0,US,1699660540
87,batticaloa,7.7102,81.6924,78.64,84,20,1.72,LK,1699660543
88,hacienda huancane,-15.8222,-70.8856,40.6,79,91,6.78,PE,1699660546
89,enewetak,11.3474,162.3373,83.57,75,100,18.61,MH,1699660549
90,ta`u,-14.2336,-169.5144,81.77,81,23,6.64,AS,1699660551
91,gumdag,39.2061,54.5906,55.8,62,100,0.43,TM,1699660555
92,uray,60.1247,64.7758,32.88,92,100,5.99,RU,1699660559
93,chibougamau,49.9168,-74.3659,22.62,93,100,8.05,CA,1699659814
94,zaozersk,69.4005,32.4476,15.6,96,50,6.58,RU,1699660519
95,onguday,50.75,86.15,28.74,95,100,1.81,RU,1699660570
96,hermanus,-34.4187,19.2345,63.72,77,89,5.57,ZA,1699660573
97,san martin,-33.081,-68.4681,77.54,60,9,24.61,AR,1699660577
98,hasaki,35.7333,140.8333,54.0,62,100,24.14,JP,1699660125
99,kashmar,35.2383,58.4656,56.32,41,85,3.49,IR,1699660583
100,achacachi,-16.05,-68.6833,48.24,78,82,3.0,BO,1699660585
101,lompoc,34.6391,-120.4579,76.01,59,0,9.22,US,1699660389
102,ribeira grande,38.5167,-28.7,67.77,95,94,11.01,PT,1699660000
103,nova sintra,14.8667,-24.7167,72.61,68,74,5.93,CV,1699660594
104,taoudenni,22.6783,-3.9836,76.19,16,0,7.7,ML,1699660597
105,nova vicosa,-17.8919,-39.3719,77.23,82,3,13.24,BR,1699660600
106,tazacorte,28.629,-17.9293,68.97,78,20,10.36,ES,1699660602
107,awjilah,29.1081,21.2869,68.61,51,0,5.88,LY,1699660603
108,ahar,38.4774,47.0699,43.45,84,31,3.02,IR,1699660604
109,wang sai phun,16.3885,100.538,76.59,89,100,2.66,TH,1699660605
110,lebu,-37.6167,-73.65,52.11,82,82,20.09,CL,1699660606
111,bor,56.3567,44.0669,39.0,91,17,3.71,RU,1699660608
112,qui nhon,13.7667,109.2333,77.7,90,81,6.04,VN,1699660608
113,invercargill,-46.4,168.35,64.98,34,0,4.25,NZ,1699659989
114,preobrazheniye,42.9019,133.9064,24.71,47,6,9.71,RU,1699660610
115,fort bragg,35.139,-79.006,57.34,64,100,10.36,US,1699660073
116,stanley,54.868,-1.6985,40.28,93,0,8.05,GB,1699660615
117,paita,-5.0892,-81.1144,68.05,81,9,15.66,PE,1699660618
118,itoman,26.1247,127.6694,75.58,83,75,14.97,JP,1699660011
119,alice springs,-23.7,133.8833,85.55,35,2,6.91,AU,1699660030
120,tralee,52.2704,-9.7026,45.41,86,89,4.99,IE,1699660625
121,gisborne,-38.6533,178.0042,57.58,59,13,12.35,NZ,1699660421
122,taltal,-25.4,-70.4833,67.37,69,18,5.53,CL,1699660632
123,tromso,69.6496,18.957,30.22,93,75,3.44,NO,1699660636
124,umm kaddadah,13.6017,26.6876,80.17,25,73,11.86,SD,1699660637
125,kapuskasing,49.4169,-82.4331,24.89,80,75,8.05,CA,1699660638
126,chonchi,-42.6128,-73.8092,51.12,83,100,12.03,CL,1699660640
127,santander,43.4647,-3.8044,56.3,97,75,5.99,ES,1699660570
128,nadi,-17.8,177.4167,87.8,55,40,16.11,FJ,1699660643
129,ust-nera,64.5667,143.2,-24.03,97,56,3.74,RU,1699660559
130,taunggyi,20.7833,97.0333,58.71,95,49,1.07,MM,1699660653
131,shalkar,47.8288,59.6258,46.69,76,100,13.35,KZ,1699660657
132,shahrak,34.1074,64.3052,37.78,21,1,2.19,AF,1699660661
133,slovenj gradec,46.5103,15.0806,46.42,95,100,4.25,SI,1699660664
134,hamilton,39.1834,-84.5333,56.25,44,0,4.61,US,1699659981
135,tsiombe,-25.3,45.4833,68.9,65,87,8.99,MG,1699660135
136,stalowa wola,50.5829,22.0533,45.86,72,100,5.73,PL,1699660676
137,lata,40.1629,-8.3327,63.07,98,100,5.99,PT,1699660680
138,loyew,51.9458,30.7953,45.27,83,100,14.34,BY,1699660681
139,port saint john's,-31.6229,29.5448,68.94,90,19,10.63,ZA,1699660683
140,luderitz,-26.6481,15.1594,61.7,87,73,11.23,NA,1699660615
141,grootfontein,-19.5667,18.1167,74.77,50,87,8.05,NA,1699660686
142,minas de marcona,-15.2119,-75.1103,59.86,85,63,13.4,PE,1699660688
143,pyinmana,19.7333,96.2167,71.64,92,71,3.33,MM,1699660691
144,thunder bay,48.4001,-89.3168,31.98,74,100,5.75,CA,1699660505
145,east london,-33.0153,27.9116,67.59,90,36,12.21,ZA,1699660696
146,port lincoln,-34.7333,135.8667,61.41,62,60,17.29,AU,1699660699
147,togur,58.3631,82.8265,24.15,86,100,8.01,RU,1699660701
148,olonkinbyen,70.9221,-8.7187,32.31,80,100,8.16,SJ,1699660704
149,port-vila,-17.7338,168.3219,76.82,72,100,19.35,VU,1699660707
150,weno,7.4515,151.8468,83.3,74,93,13.91,FM,1699660709
151,nerekhta,57.4588,40.5747,38.39,89,97,10.58,RU,1699660712
152,vorgashor,67.5833,63.95,3.31,100,82,4.09,RU,1699660602
153,mammoth lakes,37.6485,-118.9721,47.12,23,0,12.66,US,1699660716
154,talnakh,69.4865,88.3972,20.21,95,100,12.48,RU,1699660720
155,kapa'a,22.0752,-159.319,84.18,79,75,13.8,US,1699660724
156,bokovskaya,49.229,41.8306,43.86,86,4,2.08,RU,1699660726
157,santa terezinha,-29.9002,-50.0904,67.59,86,98,20.89,BR,1699660730
158,kamenka,51.3223,42.7678,36.88,93,7,5.66,RU,1699660731
159,hilo,19.7297,-155.09,83.28,79,100,16.11,US,1699660734
160,grants,35.1473,-107.8514,39.43,81,40,10.36,US,1699660737
161,acarau,-2.8856,-40.12,79.61,78,2,19.06,BR,1699660739
162,cibla,56.55,27.8833,41.83,82,100,7.96,LV,1699660741
163,bakaly,55.1789,53.8028,40.39,92,100,5.68,RU,1699660744
164,les andelys,49.25,1.4167,43.88,89,65,7.09,FR,1699660745
165,sobradinho,-12.8333,-39.1,73.36,87,5,6.49,BR,1699660748
166,arraial do cabo,-22.9661,-42.0278,75.16,94,20,3.44,BR,1699660750
167,bredasdorp,-34.5322,20.0403,64.44,73,89,7.63,ZA,1699660752
168,mount isa,-20.7333,139.5,89.37,43,100,8.05,AU,1699660740
169,georgetown,5.4112,100.3354,80.94,95,20,3.44,MY,1699660644
170,bodaybo,57.8506,114.1933,13.26,96,100,2.15,RU,1699660760
171,alofi,-19.0595,-169.9187,82.29,78,100,3.44,NU,1699660762
172,port macquarie,-31.4333,152.9167,76.89,64,40,15.05,AU,1699660508
173,san pablo villa de mitla,16.9167,-96.4,67.26,79,46,6.31,MX,1699660764
174,luanda,-8.8368,13.2343,78.8,83,75,8.05,AO,1699660737
175,la passe,45.5549,-0.8967,51.98,73,77,7.76,FR,1699660190
176,yeonggwang,35.275,126.5094,37.06,61,63,7.96,KR,1699660768
177,midoun,33.8081,10.9923,66.06,75,92,9.15,TN,1699660772
178,bayanhongor,46.7167,100.1167,-0.42,60,0,3.98,MN,1699660614
179,puerto ayora,-0.7393,-90.3518,75.54,92,55,10.0,EC,1699660777
180,margate,51.3813,1.3862,41.88,86,8,5.01,GB,1699660452
181,portland,45.5234,-122.6762,55.09,82,100,7.0,US,1699660484
182,cidreira,-30.1811,-50.2056,67.82,83,99,24.38,BR,1699660783
183,sovetskaya gavan',48.9723,140.2878,23.11,73,100,14.94,RU,1699660785
184,lappeenranta,61.0587,28.1887,42.85,100,100,3.44,FI,1699660566
185,baiyin,36.5583,104.2081,29.95,43,9,5.21,CN,1699660790
186,prince rupert,54.3161,-130.3201,46.49,84,100,41.43,CA,1699660511
187,aioun,16.6614,-9.6149,78.93,14,0,9.53,MR,1699660794
188,stranraer,54.9023,-5.0273,48.63,75,4,17.16,GB,1699660796
189,gobabis,-22.45,18.9667,73.62,35,73,7.67,NA,1699660800
190,dudinka,69.4058,86.1778,20.68,95,100,18.99,RU,1699660807
191,topolobampo,25.6,-109.05,78.69,47,0,14.0,MX,1699660812
192,chokwe,-24.5333,32.9833,67.48,74,0,7.38,MZ,1699660816
193,ammanford,51.7928,-3.9883,50.59,92,47,5.3,GB,1699660819
194,richards bay,-28.783,32.0377,67.71,82,0,16.13,ZA,1699660821
195,petropavlovsk-kamchatsky,53.0452,158.6483,32.59,98,75,4.0,RU,1699660571
196,cill airne,52.05,-9.5167,42.12,91,99,2.13,IE,1699660826
197,north battleford,52.7834,-108.2847,31.41,100,75,14.97,CA,1699660828
198,boa vista,2.8197,-60.6733,91.38,46,20,8.05,BR,1699660832
199,vorkuta,67.5,64.0,3.76,100,81,4.23,RU,1699660834
200,klyuchi,52.2667,79.1667,38.86,83,93,11.56,RU,1699660837
201,argenta,44.6124,11.8356,48.65,87,84,12.41,IT,1699660840
202,keflavik,64.0049,-22.5624,37.83,87,75,11.5,IS,1699660842
203,hammerfest,70.6634,23.6821,36.05,87,75,11.5,NO,1699660846
204,zalari,53.5584,102.5065,5.02,96,8,3.06,RU,1699660849
205,peace river,56.2501,-117.286,44.91,52,20,11.5,CA,1699660852
206,shimanovsk,52.0,127.7,7.86,77,13,6.04,RU,1699660612
207,west island,-12.1568,96.8225,78.78,83,40,10.36,CC,1699660860
208,puerto aysen,-45.4,-72.7,46.4,99,100,4.7,CL,1699660864
209,kalix,65.853,23.1565,16.66,83,6,8.1,SE,1699660866
210,metlili chaamba,32.2667,3.6333,63.54,45,0,6.91,DZ,1699660757
211,vladivostok,43.1056,131.8735,19.42,53,1,17.83,RU,1699660874
212,dalbandin,28.8947,64.4101,59.99,23,0,4.72,PK,1699660877
213,urengoy,65.9667,78.3667,19.54,95,91,6.64,RU,1699660880
214,tabou,4.423,-7.3528,76.77,90,56,6.53,CI,1699660884
215,akrehamn,59.2667,5.1833,43.41,87,100,4.61,NO,1699660886
216,la maddalena,41.2142,9.4083,60.96,61,4,33.11,IT,1699660890
217,undurkhaan,47.3194,110.6556,-8.84,95,9,5.06,MN,1699660894
218,gadzhiyevo,69.2551,33.3362,16.0,96,34,7.23,RU,1699660895
219,selfoss,63.9331,-20.9971,34.05,76,99,5.57,IS,1699660897
220,jabalya,31.5272,34.4863,69.69,75,90,6.51,PS,1699660878
221,irymple,-34.25,142.1667,83.93,27,81,18.41,AU,1699660900
222,swakopmund,-22.6833,14.5333,61.65,86,66,4.59,NA,1699660901
223,fale old settlement,-9.3852,-171.2468,83.79,76,31,11.05,TK,1699660650
224,vila velha,-20.3297,-40.2925,78.75,90,0,9.22,BR,1699660903
225,brisas de zicatela,15.8369,-97.0419,82.47,79,32,2.48,MX,1699660904
226,vilyuchinsk,52.9306,158.4028,34.07,98,100,2.93,RU,1699660905
227,broome,42.2506,-75.833,45.7,71,94,1.01,US,1699660907
228,horta,38.5333,-28.6333,67.01,95,95,11.01,PT,1699660910
229,mata-utu,-13.2816,-176.1745,83.34,77,99,13.35,WF,1699660913
230,rio gallegos,-51.6226,-69.2181,66.25,27,20,11.5,AR,1699660916
231,mujiayingzi,42.1167,118.7833,15.24,76,2,5.12,CN,1699660918
232,ubari,26.5921,12.7805,70.2,29,0,6.85,LY,1699660920
233,mili,6.0815,171.735,82.69,82,98,20.87,MH,1699660921
234,karpinsk,59.7654,60.0085,31.5,99,100,1.97,RU,1699660922
235,dunedin,-45.8742,170.5036,66.07,64,0,8.01,NZ,1699660888
236,coari,-4.085,-63.1414,85.21,45,8,1.36,BR,1699660926
237,oban,56.4127,-5.4706,43.14,85,12,4.61,GB,1699660928
238,pedro leopoldo,-19.6181,-44.0431,83.77,36,20,10.36,BR,1699660930
239,padang,-0.9492,100.3543,77.05,92,96,0.87,ID,1699660934
240,saldanha,-33.0117,17.9442,59.05,90,48,14.85,ZA,1699660937
241,kuanda,56.3161,116.0806,0.57,94,71,0.29,RU,1699660720
242,sitangkai,4.6628,119.3928,82.58,77,61,5.68,PH,1699660942
243,shimoda,34.6667,138.95,61.16,69,81,17.43,JP,1699660944
244,takoradi,4.8845,-1.7554,78.49,90,85,8.5,GH,1699660946
245,ati,13.2154,18.3353,84.15,16,97,11.65,TD,1699660949
246,lewistown,40.5992,-77.5714,46.17,84,0,9.22,US,1699660951
247,korla,41.7597,86.1469,44.94,49,100,6.96,CN,1699660955
248,coquimbo,-29.9533,-71.3436,62.33,82,20,9.22,CL,1699660852
249,sovata,46.5833,25.0667,43.0,80,93,6.49,RO,1699660962
250,lluta,-16.0147,-72.0142,56.77,61,80,1.99,PE,1699660964
251,koumra,8.9126,17.5539,73.71,87,94,3.65,TD,1699660967
252,udachny,66.4167,112.4,12.81,69,85,10.6,RU,1699660969
253,san antonio de pale,-1.4014,5.6325,78.78,85,99,11.86,GQ,1699660974
254,aykhal,66.0,111.5,14.68,58,86,20.96,RU,1699660977
255,darjiling,27.0333,88.2667,42.96,71,0,6.42,IN,1699660980
256,baukau,51.5526,7.2042,45.97,90,100,5.01,DE,1699660984
257,mantua,45.1667,10.7833,46.98,91,92,7.0,IT,1699660987
258,porto novo,6.4965,2.6036,82.22,83,100,8.43,BJ,1699660971
259,inari,68.906,27.0288,17.8,90,14,5.95,FI,1699660995
260,ashburton,-37.8626,145.0794,71.17,69,49,5.01,AU,1699660998
261,nadym,65.5333,72.5167,19.09,96,100,3.31,RU,1699661001
262,vila franca do campo,37.7167,-25.4333,71.89,99,91,17.13,PT,1699661003
263,khandyga,62.6667,135.6,-30.5,100,67,1.01,RU,1699661005
264,yuzhno-kurilsk,44.0306,145.8556,42.37,88,96,13.96,RU,1699661008
265,tsivil'sk,55.8611,47.4664,34.0,86,7,11.5,RU,1699661010
266,santa rosa de viterbo,-21.4728,-47.3631,75.69,66,48,3.67,BR,1699661012
267,severo-yeniseyskiy,60.3725,93.0408,6.58,94,45,4.0,RU,1699661015
268,port mathurin,-19.6833,63.4167,76.6,78,7,10.07,MU,1699661018
269,itacare,-14.2775,-38.9967,75.96,88,2,7.76,BR,1699661021
270,tateyama,34.9833,139.8667,59.09,70,79,16.31,JP,1699661022
271,walvis bay,-22.9575,14.5053,61.75,82,67,2.3,NA,1699661025
272,cole harbour,44.6724,-63.4751,43.95,76,94,15.01,CA,1699660998
273,kovdor,67.5662,30.4758,9.41,97,51,3.94,RU,1699661031
274,popayan,2.4382,-76.6132,61.68,97,93,2.86,CO,1699661035
275,palu,-0.8917,119.8707,82.94,80,32,1.32,ID,1699661038
276,jinchang,38.4953,102.1739,25.68,44,0,1.86,CN,1699661042
277,vreed-en-hoop,6.8093,-58.198,80.92,82,31,7.81,GY,1699661045
278,balabac,7.9868,117.0645,83.57,77,100,9.1,PH,1699661047
279,lukolela,-1.0605,17.1821,71.17,99,99,2.8,CD,1699661049
280,opuwo,-18.0607,13.84,72.86,36,36,4.59,NA,1699661050
281,malango,-2.9627,119.9001,71.31,90,92,0.45,ID,1699661050
282,mugia,43.1041,-9.2179,62.91,96,100,21.41,ES,1699661052
283,el granada,37.5027,-122.4694,69.48,45,75,6.91,US,1699661055
284,uturoa,-16.7333,-151.4333,80.6,81,99,12.41,PF,1699661058
285,eduardo castex,-35.915,-64.2945,59.07,97,100,2.46,AR,1699661059
286,kasane,-17.8167,25.15,77.18,35,61,3.69,BW,1699661061
287,at taj,24.2049,23.2857,67.48,38,100,9.51,LY,1699661065
288,radviliskis,55.8167,23.5333,41.05,93,92,8.05,LT,1699661068
289,khamharia,20.9833,82.2667,66.2,63,43,0.85,IN,1699661071
290,vohibinany,-17.35,49.0333,72.12,96,91,2.55,MG,1699661074
291,krichim,42.05,24.4667,44.04,78,77,5.88,BG,1699661076
292,burutu,5.3509,5.5076,78.39,89,98,5.82,NG,1699661078
293,tazovsky,67.4667,78.7,14.16,95,43,7.54,RU,1699661050
294,salekhard,66.53,66.6019,11.39,93,86,5.21,RU,1699661079
295,belmonte,-15.8631,-38.8828,77.34,82,2,12.01,BR,1699661081
296,embi,48.8264,58.1442,44.1,65,100,10.0,KZ,1699661082
297,antsiranana,-12.2787,49.2917,75.45,90,15,4.18,MG,1699661082
298,nantucket,41.2835,-70.0995,48.15,64,100,17.54,US,1699660811
299,karratha,-20.7377,116.8463,81.84,37,1,14.14,AU,1699661085
300,al jawf,29.5,38.75,71.15,37,34,6.8,SA,1699661087
301,nsanje,-16.92,35.262,69.96,81,0,4.03,MW,1699661089
302,phan rang-thap cham,11.5667,108.9833,79.18,77,95,5.26,VN,1699661091
303,la'ie,21.6477,-157.9253,87.76,83,58,5.99,US,1699661094
304,anna regina,7.2644,-58.5077,80.19,85,42,9.08,GY,1699661097
305,fort-shevchenko,44.5086,50.263,51.49,62,6,14.72,KZ,1699661099
306,buala,-8.145,159.5921,80.15,87,100,2.19,SB,1699661103
307,seymour,38.9592,-85.8903,50.76,48,0,6.98,US,1699660858
308,susuman,62.7833,148.1667,-18.09,99,86,0.92,RU,1699661107
309,iwaki,37.05,140.8833,54.12,57,81,5.01,JP,1699661111
310,riyadh,24.6877,46.7219,66.34,33,100,5.68,SA,1699661109
311,moose jaw,50.4001,-105.5344,30.45,74,20,9.22,CA,1699660995
312,bikenibeu village,1.3673,173.1241,85.96,79,75,6.91,KI,1699661121
313,balqash,46.8481,74.995,41.68,76,8,9.44,KZ,1699661124
314,pacific grove,36.6177,-121.9166,69.03,59,0,5.01,US,1699661131
315,trairi,-3.2778,-39.2689,79.47,77,4,14.65,BR,1699661052
316,frontera,26.9333,-101.45,56.95,88,100,0.0,MX,1699661137
317,branson,36.6437,-93.2185,55.54,42,0,6.91,US,1699661141
318,santiago de cao,-7.9589,-79.2392,66.33,88,7,9.22,PE,1699661146
319,bardsir,29.9227,56.5743,51.3,27,16,2.13,IR,1699661149
320,sitia,35.2,26.0986,68.99,81,3,8.86,GR,1699661151
321,dapa,9.7594,126.0531,83.01,73,18,4.25,PH,1699661154
322,kroonstad,-27.6504,27.2349,68.7,41,6,8.01,ZA,1699661157
323,yorosso,12.3536,-4.7761,79.45,25,44,2.59,ML,1699661159
324,manokwari,-0.8667,134.0833,81.14,78,100,0.89,ID,1699661163
325,ribas do rio pardo,-20.4431,-53.7592,86.63,25,76,5.53,BR,1699660878
326,xining,36.6167,101.7667,29.3,55,1,0.85,CN,1699661143
327,altay,47.8667,88.1167,30.22,79,100,3.36,CN,1699661169
328,harstad,68.799,16.5293,32.61,96,41,1.99,NO,1699661171
329,guigue,10.0853,-67.7792,75.36,86,91,2.21,VE,1699661176
330,naze,28.3667,129.4833,68.92,68,99,11.41,JP,1699661182
331,labrador city,52.9463,-66.9114,19.31,86,100,0.0,CA,1699661185
332,freetown,8.484,-13.2299,77.72,83,100,4.61,SL,1699661187
333,urzhar,47.093,81.6294,41.45,90,100,3.8,KZ,1699661192
334,hanceville,34.0607,-86.7675,60.71,64,99,10.22,US,1699661064
335,howard springs,-12.497,131.047,87.87,69,3,4.25,AU,1699661197
336,mount gambier,-37.8333,140.7667,61.56,45,61,11.65,AU,1699661131
337,orcutt,34.8653,-120.436,74.19,61,0,10.36,US,1699661206
338,butembo,0.15,29.2833,57.6,94,96,2.8,CD,1699661207
339,rio grande,-32.035,-52.0986,66.31,88,92,22.77,BR,1699661046
340,remetea,46.7833,25.45,36.91,91,90,3.04,RO,1699661209
341,newman,37.3138,-121.0208,68.29,39,34,3.0,US,1699661210
342,gorontalo,0.5412,123.0595,83.21,77,21,1.79,ID,1699661213
343,kiffa,16.6166,-11.4045,79.9,14,0,9.46,MR,1699661217
344,sierra grande,-41.606,-65.3557,77.58,11,100,17.54,AR,1699661219
345,barah,13.7,30.3667,80.01,42,44,1.83,SD,1699661223
346,katima mulilo,-17.5,24.2667,77.85,40,91,4.36,NA,1699661227
347,leava,-14.3,-178.1667,80.17,84,100,6.08,WF,1699661229
348,vyara,21.1167,73.4,74.46,62,22,5.39,IN,1699661232
349,jianshui,23.6363,102.8264,60.12,93,2,1.74,CN,1699661236
350,zhigalovo,54.8097,105.1578,3.0,98,44,1.19,RU,1699661237
351,beau vallon,-20.4189,57.6953,76.21,80,19,5.86,MU,1699661240
352,nabire,-3.3667,135.4833,83.95,68,91,3.94,ID,1699661242
353,itamaraca,-7.7478,-34.8256,80.65,74,19,9.73,BR,1699661152
354,auray,47.6703,-2.9918,52.75,87,100,8.05,FR,1699661244
355,bandarbeyla,9.4942,50.8122,79.75,84,97,16.2,SO,1699661249
356,broken hill,-31.95,141.4333,89.24,22,42,12.86,AU,1699661251
357,ancud,-41.8697,-73.8203,51.57,76,93,23.85,CL,1699661254
358,al ghayzah,16.2079,52.176,80.28,71,43,4.52,YE,1699661255
359,grand gaube,-20.0064,57.6608,76.37,76,15,1.01,MU,1699661257
360,kholmsk,47.0511,142.0569,30.13,81,97,18.5,RU,1699661259
361,faya-largeau,17.9257,19.1043,79.72,24,87,12.12,TD,1699661123
362,sitka,57.0531,-135.33,46.29,66,100,18.41,US,1699661186
363,nephi,39.7102,-111.8363,47.75,29,94,3.96,US,1699661267
364,launceston,-41.45,147.1667,72.34,68,100,16.11,AU,1699660973
365,sault ste. marie,46.5168,-84.3333,34.36,75,100,6.91,CA,1699661150
366,brokopondo,4.75,-55.1667,83.21,70,72,9.98,SR,1699661274
367,victorica,-36.2151,-65.4359,58.51,93,87,4.76,AR,1699661277
368,ferkessedougou,9.6,-5.2,75.7,74,68,5.06,CI,1699661281
369,new norfolk,-42.7826,147.0587,65.91,72,77,8.63,AU,1699661281
370,ivdel',60.6911,60.4206,36.19,91,100,3.0,RU,1699661286
371,isangel,-19.55,169.2667,77.97,62,100,15.46,VU,1699661269
372,qamdo,31.1667,97.2333,26.35,57,86,4.23,CN,1699661115
373,benjamin constant,-4.3831,-70.0311,77.13,94,92,0.58,BR,1699661296
374,kruisfontein,-34.0033,24.7314,61.54,85,4,14.12,ZA,1699661300
375,taunsa,30.7048,70.6505,64.6,67,0,5.93,PK,1699661303
376,key west,24.5557,-81.7826,82.4,85,0,11.5,US,1699660527
377,prado,-17.3411,-39.2208,76.91,84,2,11.74,BR,1699661307
378,zemio,5.0314,25.1361,70.88,95,100,0.94,CF,1699661310
379,praia da vitoria,38.7333,-27.0667,71.85,88,75,26.53,PT,1699661207
380,kuala tungkal,-0.8167,103.4667,77.38,89,83,2.59,ID,1699661316
381,hami,42.8,93.45,35.38,29,33,5.84,CN,1699661318
382,pemangkat,1.1667,108.9667,78.33,85,100,4.52,ID,1699661322
383,crane,31.3974,-102.3501,54.55,54,89,7.29,US,1699661292
384,santa marta de ortigueira,43.6833,-7.85,62.26,45,100,3.0,ES,1699661328
385,haro,42.5763,-2.8476,53.78,91,100,5.53,ES,1699661330
386,sao tome,0.3365,6.7273,78.58,86,99,7.38,ST,1699661334
387,talodi,10.6325,30.3797,77.38,74,71,3.49,SD,1699661338
388,quepos,9.4236,-84.1652,80.6,86,79,0.54,CR,1699661343
389,cabo san lucas,22.8909,-109.9124,83.61,65,20,3.44,MX,1699661055
390,casper,42.8666,-106.3131,43.72,24,0,5.99,US,1699661349
391,saint croix,17.7397,-64.7388,81.05,83,0,8.05,VI,1699661352
392,sinop,41.7711,34.8709,52.81,74,92,10.98,TR,1699661203
393,manastirea,44.2167,26.9,57.02,76,100,8.25,RO,1699661358
394,palmares do sul,-30.2578,-50.5097,67.59,83,100,21.72,BR,1699661360
395,jayapura,-2.5333,140.7,88.99,72,100,5.28,ID,1699661361
396,gorgan,36.8387,54.4348,58.96,88,100,11.5,IR,1699661364
397,andergrove,-21.0833,149.1833,82.65,66,52,10.56,AU,1699661365
398,pozanti,37.4278,34.8717,56.44,70,97,0.92,TR,1699661368
399,lihue,21.9789,-159.3672,83.44,73,75,13.8,US,1699661370
400,egilsstadir,65.2653,-14.3948,23.31,87,48,5.5,IS,1699661374
401,ciudad miguel aleman,26.35,-99.1,60.31,82,100,14.05,MX,1699661378
402,mocorito,25.4833,-107.9167,84.2,42,0,4.81,MX,1699661380
403,paraiso,9.8383,-83.8656,71.96,76,92,2.86,CR,1699661386
404,kyzyl,51.7,94.45,1.02,89,10,1.99,RU,1699661388
405,tayoltita,24.0833,-105.9333,69.44,83,7,3.78,MX,1699661391
406,baissa,7.2333,10.6333,75.58,82,77,2.17,NG,1699661394
407,palmas,-10.2128,-48.3603,86.77,36,65,4.25,BR,1699661396
408,ugoofaaru,5.6667,73.0,81.9,78,55,4.9,MV,1699661399
409,charters towers,-20.1,146.2667,83.23,38,93,10.63,AU,1699661401
410,pimentel,-6.8367,-79.9342,70.09,73,0,19.57,PE,1699661404
411,viveiro,43.6623,-7.5934,62.24,94,100,19.62,ES,1699661406
412,port blair,11.6667,92.75,77.04,94,40,0.0,IN,1699661408
413,st. john's,47.5649,-52.7093,37.27,89,94,5.01,CA,1699661273
414,kolpashevo,58.3131,82.9089,24.12,86,100,8.01,RU,1699661414
415,nemuro,43.3236,145.575,39.09,77,85,23.11,JP,1699661186
416,saint-philippe,-21.3585,55.7679,72.99,83,61,1.45,RE,1699661254
417,flying fish cove,-10.4217,105.6791,80.28,73,75,9.22,CX,1699661417
418,xilin hot,43.9667,116.0333,0.43,92,5,3.71,CN,1699661418
419,pionerskiy,54.9508,20.2275,48.15,87,98,8.66,RU,1699661419
420,san rafael,-34.6177,-68.3301,60.31,77,82,12.84,AR,1699661233
421,alta,69.9689,23.2717,36.66,75,75,13.8,NO,1699661422
422,hobyo,5.3505,48.5268,76.23,91,100,11.81,SO,1699661126
423,necochea,-38.5473,-58.7368,54.1,90,100,8.14,AR,1699661426
424,oamaru,-45.0784,170.9801,60.93,68,0,11.68,NZ,1699661427
425,ad dabbah,18.05,30.95,81.77,31,2,4.74,SD,1699661430
426,praya,14.9215,-23.5087,76.59,71,50,11.86,CV,1699661394
427,fuchucho,34.5667,133.2333,58.5,66,72,6.76,JP,1699661436
428,tura,25.5198,90.2201,62.85,92,0,3.85,IN,1699661160
429,fortuna,40.5982,-124.1573,55.92,90,100,9.22,US,1699661284
430,prainha,-1.8,-53.48,86.81,54,19,8.21,BR,1699661340
431,erenhot,43.6475,111.9767,13.78,49,0,6.58,CN,1699661448
432,labuan,5.2767,115.2417,81.39,78,91,9.17,MY,1699661451
433,bubaque,11.2833,-15.8333,83.97,55,92,10.8,GW,1699661454
434,baotou,40.6522,109.8222,20.14,27,27,10.11,CN,1699661458
435,uzhur,55.3036,89.8339,25.47,88,68,5.44,RU,1699661461
436,nuku'alofa,-21.1333,-175.2,72.99,84,98,30.47,TO,1699661464
437,khanty-mansiysk,61.0042,69.0019,28.51,100,75,4.47,RU,1699661466
438,mulayjah,27.271,48.4242,74.21,72,83,2.35,SA,1699661468
439,nkhotakota,-12.9274,34.2961,76.95,76,81,16.73,MW,1699661424
440,laascaanood,8.4774,47.3597,73.22,73,100,9.37,SO,1699661474
441,kondopoga,62.2057,34.2614,40.69,97,100,4.74,RU,1699661477
442,trinidad,-14.8333,-64.9,90.1,36,51,4.7,BO,1699661478
443,machico,32.7,-16.7667,70.43,83,40,6.91,PT,1699661481
444,soio,-6.1349,12.3689,78.31,86,100,8.66,AO,1699661484
445,salaqi,40.5414,110.5108,20.48,37,20,4.09,CN,1699661487
446,mohr,54.3528,9.7167,45.14,95,97,6.91,DE,1699661490
447,holualoa,19.6228,-155.9522,79.77,71,40,10.36,US,1699661493
448,mejit,10.2753,170.8646,81.82,84,100,19.39,MH,1699661496
449,puerto colombia,10.9878,-74.9547,86.09,81,100,6.55,CO,1699661498
450,taman',45.2117,36.7161,54.43,67,90,15.17,RU,1699661502
451,gaigeturi,33.4644,126.3183,49.95,67,93,19.15,KR,1699661505
452,san patricio,28.017,-97.5169,61.84,90,100,9.64,US,1699661506
453,kiliya,45.4552,29.2637,57.04,82,100,10.45,UA,1699661508
454,tir pul,34.5943,61.269,54.66,35,9,1.34,AF,1699661509
455,marang,5.2056,103.2059,77.67,89,100,5.3,MY,1699661510
456,carlos chagas,-17.7031,-40.7664,76.32,63,4,10.83,BR,1699661301
457,waingapu,-9.6567,120.2641,84.33,65,48,3.4,ID,1699661511
458,abalak,58.1286,68.5944,36.36,72,100,4.92,RU,1699661514
459,plettenberg bay,-34.0527,23.3716,62.15,89,25,11.61,ZA,1699661245
460,pacasmayo,-7.4006,-79.5714,67.44,79,8,12.39,PE,1699661520
461,amungan,15.3652,119.9582,83.26,67,83,1.52,PH,1699661523
462,al hudaydah,14.7978,42.9545,81.79,69,64,12.44,YE,1699661527
463,tommot,58.9564,126.2925,6.21,95,100,4.94,RU,1699661529
464,pong nam ron,12.9058,102.2623,74.08,96,86,1.86,TH,1699661533
465,rikaze,29.25,88.8833,28.02,72,0,2.64,CN,1699661534
466,katsuura,35.1333,140.3,58.87,71,90,20.58,JP,1699661536
467,barra do corda,-5.5,-45.25,83.64,45,4,1.77,BR,1699661539
468,altamont,42.2068,-121.7372,51.78,50,0,10.36,US,1699661369
469,al qadarif,14.0349,35.3834,75.69,58,7,6.06,SD,1699661542
470,santyoku,37.4406,129.1708,46.26,61,94,6.33,KR,1699661544
471,queenstown,-31.8976,26.8753,65.41,39,60,3.06,ZA,1699661546
472,letlhakeng,-24.0944,25.0298,73.92,48,6,10.87,BW,1699661549
473,klaksvik,62.2266,-6.589,40.12,76,50,17.43,FO,1699661349
474,dalcahue,-42.3628,-73.7022,50.2,76,100,25.32,CL,1699661554
475,laojunmiao,39.8333,97.7333,21.94,40,0,7.27,CN,1699661557
476,bontang,0.1333,117.5,81.0,79,76,4.38,ID,1699661560
477,cerkes,40.8116,32.8936,47.14,84,82,7.23,TR,1699661562
478,zarghun shahr,32.8473,68.4457,36.95,47,0,0.94,AF,1699661564
479,nar'yan-mar,67.6713,53.087,16.11,93,76,7.0,RU,1699661567
480,lazaro cardenas,17.9583,-102.2,81.19,81,10,3.65,MX,1699661361
481,woodward,36.4337,-99.3904,52.83,39,75,5.75,US,1699661574
482,cruzeiro do sul,-29.5128,-51.9853,77.07,80,100,2.62,BR,1699661535
483,tadine,-21.55,167.8833,75.42,63,85,18.12,NC,1699661579
484,gabrovo,42.8747,25.3342,44.82,84,54,5.57,BG,1699661581
485,andalusia,31.3085,-86.4833,67.55,92,100,4.61,US,1699661327
486,pandan,14.0453,124.1694,81.91,85,100,6.53,PH,1699661586
487,hotan,37.0997,79.9269,41.67,40,0,3.38,CN,1699661588
488,darwin,-12.4611,130.8418,87.94,70,75,8.99,AU,1699661591
489,kharp,66.8014,65.8081,14.23,89,73,5.21,RU,1699661599
490,sarkand,45.41,79.9186,38.32,75,57,4.43,KZ,1699661602
491,natal,-5.795,-35.2094,78.3,70,40,11.03,BR,1699661604
492,amursk,50.2261,136.8994,21.97,75,100,2.26,RU,1699661446
493,berezovyy,51.6667,135.7,18.61,74,88,1.16,RU,1699661611
494,corner brook,48.9667,-57.9484,32.16,98,100,6.31,CA,1699661613
495,cold lake,54.4502,-110.2017,30.15,86,75,8.05,CA,1699661616
496,kenora,49.8167,-94.4337,29.37,80,100,3.44,CA,1699661620
497,tual,-5.6667,132.75,82.04,78,58,9.55,ID,1699661623
498,lenger,42.183,69.8839,36.84,21,93,3.87,KZ,1699661626
499,general conesa,-40.1,-64.4333,65.35,74,100,27.78,AR,1699661627
500,garachico,28.7781,-17.7646,66.31,78,75,9.22,ES,1699661629
501,mollendo,-17.0231,-72.0147,66.38,93,100,6.02,PE,1699661631
502,zapolyarnyy,69.4154,30.8136,16.88,98,80,4.88,RU,1699661634
503,bushehr,28.9684,50.8385,77.27,63,75,6.51,IR,1699661637
504,vallenar,-28.5708,-70.7581,66.72,49,0,3.98,CL,1699661639
505,churapcha,62.0025,132.4325,-25.08,100,49,2.24,RU,1699661642
506,nieuw amsterdam,5.8833,-55.0833,84.15,81,55,12.95,SR,1699661535
507,lobujya,27.95,86.8167,9.79,24,0,2.66,NP,1699661647
508,island harbour,50.724,-1.2758,44.98,91,3,3.0,GB,1699661650
509,grand-bassam,5.2118,-3.7388,82.36,87,45,8.32,CI,1699661653
510,kisangani,0.5167,25.2,68.77,97,95,0.85,CD,1699661657
511,kolyvan',55.3053,82.7391,33.42,97,100,6.62,RU,1699661660
512,mongo,12.1844,18.693,83.43,26,82,4.5,TD,1699661663
513,monticello,45.3055,-93.7941,38.08,75,100,4.61,US,1699661667
514,piti village,13.4626,144.6933,86.05,84,100,18.43,GU,1699661671
515,kiranur,10.5699,78.7868,76.71,89,98,10.16,IN,1699661673
516,ratnagiri,16.9833,73.3,79.41,73,87,5.32,IN,1699661674
517,potsdam,52.3989,13.0657,45.28,85,35,5.55,DE,1699661407
518,maceio,-9.6658,-35.7353,74.64,94,20,4.61,BR,1699661678
519,qarazhal,48.0078,70.7903,38.98,80,86,9.42,KZ,1699661681
520,rongelap,11.1635,166.8941,81.72,81,100,20.38,MH,1699661683
521,mek'ele,13.4967,39.4753,58.53,76,84,8.59,ET,1699661687
522,arkhangel'sk,64.5401,40.5433,33.13,98,100,6.98,RU,1699661691
523,durango,24.8333,-104.8333,68.14,42,84,3.69,MX,1699661655
524,polyarnyy,69.1989,33.4478,17.01,94,26,7.29,RU,1699661701
525,upington,-28.4478,21.2561,80.98,17,0,8.05,ZA,1699661706
526,portage la prairie,49.9728,-98.2926,28.49,93,100,5.75,CA,1699661653
527,kirensk,57.7853,108.1119,12.96,70,87,4.0,RU,1699661713
528,berber,18.0216,33.983,82.04,52,35,11.18,SD,1699661429
529,salina cruz,16.1667,-95.2,85.3,63,52,14.74,MX,1699661717
530,mariehamn,60.0973,19.9348,44.82,93,75,2.3,AX,1699661719
531,goz beida,13.95,20.55,79.45,20,62,6.82,TD,1699661722
532,raychikhinsk,49.7838,129.4121,2.53,91,21,6.62,RU,1699661725
533,bogale,16.2833,95.4,75.34,96,98,5.73,MM,1699661728
534,masuguru,-11.3667,38.4167,78.91,72,81,5.26,TZ,1699661731
535,masterton,-40.9597,175.6575,59.88,32,4,2.42,NZ,1699661580
536,lorengau,-2.0226,147.2712,83.25,79,98,9.37,PG,1699661736
537,brookings,44.3114,-96.7984,35.6,77,100,4.61,US,1699661714
538,murashi,59.3999,48.9615,28.02,88,54,6.67,RU,1699661741
539,huruta,8.15,39.35,55.94,70,33,6.13,ET,1699661744
540,hastings,50.8552,0.5729,43.29,83,4,12.41,GB,1699661606
541,seeb,23.6703,58.1891,73.49,78,8,2.3,OM,1699661753
542,pachperwa,27.5167,82.65,64.89,67,11,1.92,IN,1699661757
543,timimoun,29.2639,0.231,64.78,42,0,10.36,DZ,1699661761
544,navolato,24.7672,-107.6944,84.38,62,0,9.42,MX,1699661765
545,midvagur,62.0511,-7.1939,40.03,81,55,8.05,FO,1699661767
546,bozoum,6.3193,16.3799,69.91,90,88,2.59,CF,1699661769
547,ilhabela,-23.7781,-45.3581,72.63,93,93,4.09,BR,1699661701
548,llanes,43.4198,-4.7549,57.04,92,100,4.03,ES,1699661774
549,howrah,22.5892,88.3103,71.6,78,40,3.44,IN,1699661778
550,key largo,25.0865,-80.4473,80.98,84,8,8.3,US,1699661781
551,fort st. john,56.2499,-120.8529,35.49,64,75,11.5,CA,1699661633
552,visby,57.6409,18.296,40.82,100,42,6.91,SE,1699661786
553,whakatane,-37.9585,176.9854,71.89,59,0,5.99,NZ,1699661789
